"Country or Area","Year","Area","Sex","City","City type","Record Type","Reliability","Source Year","Value","Value Footnotes"
"Italy","2023","Total","Both Sexes","Ancona","City proper","Estimate - de jure","Final figure, complete","2024","98950",""
"Italy","2023","Total","Both Sexes","Bari","City proper","Estimate - de jure","Final figure, complete","2024","316736",""
"Italy","2023","Total","Both Sexes","Bergamo","Urban agglomeration","Estimate - de jure","Final figure, complete","2024","119809",""
"Italy","2023","Total","Both Sexes","Bologna","City proper","Estimate - de jure","Final figure, complete","2024","389200",""
"Italy","2023","Total","Both Sexes","Bolzano","City proper","Estimate - de jure","Final figure, complete","2024","106410",""
"Italy","2023","Total","Both Sexes","Brescia","City proper","Estimate - de jure","Final figure, complete","2024","197236",""
"Italy","2023","Total","Both Sexes","Cagliari","Urban agglomeration","Estimate - de jure","Final figure, complete","2024","148296",""
"Italy","2023","Total","Both Sexes","Catania","Urban agglomeration","Estimate - de jure","Final figure, complete","2024","299730",""
"Italy","2023","Total","Both Sexes","Ferrara","City proper","Estimate - de jure","Final figure, complete","2024","129724",""
"Italy","2023","Total","Both Sexes","Firenze","City proper","Estimate - de jure","Final figure, complete","2024","362742",""
"Italy","2023","Total","Both Sexes","Foggia","City proper","Estimate - de jure","Final figure, complete","2024","146017",""
"Italy","2023","Total","Both Sexes","Forli","City proper","Estimate - de jure","Final figure, complete","2024","116726",""
"Italy","2023","Total","Both Sexes","Genova","City proper","Estimate - de jure","Final figure, complete","2024","561191",""
"Italy","2023","Total","Both Sexes","Latina","City proper","Estimate - de jure","Final figure, complete","2024","127719",""
"Italy","2023","Total","Both Sexes","Livorno","City proper","Estimate - de jure","Final figure, complete","2024","153859",""
"Italy","2023","Total","Both Sexes","Messina","City proper","Estimate - de jure","Final figure, complete","2024","219387",""
"Italy","2023","Total","Both Sexes","Milano","Urban agglomeration","Estimate - de jure","Final figure, complete","2024","3580530",""
"Italy","2023","Total","Both Sexes","Modena","City proper","Estimate - de jure","Final figure, complete","2024","184836",""
"Italy","2023","Total","Both Sexes","Napoli","Urban agglomeration","Estimate - de jure","Final figure, complete","2024","2809357",""
"Italy","2023","Total","Both Sexes","Novara","City proper","Estimate - de jure","Final figure, complete","2024","101797",""
"Italy","2023","Total","Both Sexes","Padova","City proper","Estimate - de jure","Final figure, complete","2024","207112",""
"Italy","2023","Total","Both Sexes","Palermo","City proper","Estimate - de jure","Final figure, complete","2024","632499",""
"Italy","2023","Total","Both Sexes","Parma","City proper","Estimate - de jure","Final figure, complete","2024","197018",""
"Italy","2023","Total","Both Sexes","Perugia","City proper","Estimate - de jure","Final figure, complete","2024","162367",""
"Italy","2023","Total","Both Sexes","Pescara","Urban agglomeration","Estimate - de jure","Final figure, complete","2024","118829",""
"Italy","2023","Total","Both Sexes","Piacenza","City proper","Estimate - de jure","Final figure, complete","2024","102728",""
"Italy","2023","Total","Both Sexes","Prato","City proper","Estimate - de jure","Final figure, complete","2024","196317",""
"Italy","2023","Total","Both Sexes","Ravenna","City proper","Estimate - de jure","Final figure, complete","2024","156050",""
"Italy","2023","Total","Both Sexes","Reggio di Calabria","City proper","Estimate - de jure","Final figure, complete","2024","171181",""
"Italy","2023","Total","Both Sexes","Reggio nell'Emilia","City proper","Estimate - de jure","Final figure, complete","2024","170451",""
"Italy","2023","Total","Both Sexes","Rimini","City proper","Estimate - de jure","Final figure, complete","2024","149681",""
"Italy","2023","Total","Both Sexes","ROMA","City proper","Estimate - de jure","Final figure, complete","2024","2755309",""
"Italy","2023","Total","Both Sexes","Salerno","City proper","Estimate - de jure","Final figure, complete","2024","127485",""
"Italy","2023","Total","Both Sexes","Sassari","City proper","Estimate - de jure","Final figure, complete","2024","121409",""
"Italy","2023","Total","Both Sexes","Siracusa","City proper","Estimate - de jure","Final figure, complete","2024","116635",""
"Italy","2023","Total","Both Sexes","Taranto","City proper","Estimate - de jure","Final figure, complete","2024","188310",""
"Italy","2023","Total","Both Sexes","Terni","City proper","Estimate - de jure","Final figure, complete","2024","106793",""
"Italy","2023","Total","Both Sexes","Torino","City proper","Estimate - de jure","Final figure, complete","2024","847398",""
"Italy","2023","Total","Both Sexes","Trento","City proper","Estimate - de jure","Final figure, complete","2024","118277",""
"Italy","2023","Total","Both Sexes","Trieste","City proper","Estimate - de jure","Final figure, complete","2024","199032",""
"Italy","2023","Total","Both Sexes","Venezia","City proper","Estimate - de jure","Final figure, complete","2024","250913",""
"Italy","2023","Total","Both Sexes","Verona","City proper","Estimate - de jure","Final figure, complete","2024","256049",""
"Italy","2023","Total","Both Sexes","Vicenza","City proper","Estimate - de jure","Final figure, complete","2024","110283",""
"Italy","2023","Total","Male","Ancona","City proper","Estimate - de jure","Final figure, complete","2024","48145",""
"Italy","2023","Total","Male","Bari","City proper","Estimate - de jure","Final figure, complete","2024","152301",""
"Italy","2023","Total","Male","Bergamo","Urban agglomeration","Estimate - de jure","Final figure, complete","2024","56794",""
"Italy","2023","Total","Male","Bologna","City proper","Estimate - de jure","Final figure, complete","2024","185376",""
"Italy","2023","Total","Male","Bolzano","City proper","Estimate - de jure","Final figure, complete","2024","51246",""
"Italy","2023","Total","Male","Brescia","City proper","Estimate - de jure","Final figure, complete","2024","94823",""
"Italy","2023","Total","Male","Cagliari","Urban agglomeration","Estimate - de jure","Final figure, complete","2024","69054",""
"Italy","2023","Total","Male","Catania","Urban agglomeration","Estimate - de jure","Final figure, complete","2024","144256",""
"Italy","2023","Total","Male","Ferrara","City proper","Estimate - de jure","Final figure, complete","2024","61738",""
"Italy","2023","Total","Male","Firenze","City proper","Estimate - de jure","Final figure, complete","2024","171345",""
"Italy","2023","Total","Male","Foggia","City proper","Estimate - de jure","Final figure, complete","2024","71748",""
"Italy","2023","Total","Male","Forli","City proper","Estimate - de jure","Final figure, complete","2024","56743",""
"Italy","2023","Total","Male","Genova","City proper","Estimate - de jure","Final figure, complete","2024","267715",""
"Italy","2023","Total","Male","Latina","City proper","Estimate - de jure","Final figure, complete","2024","62499",""
"Italy","2023","Total","Male","Livorno","City proper","Estimate - de jure","Final figure, complete","2024","74073",""
"Italy","2023","Total","Male","Messina","City proper","Estimate - de jure","Final figure, complete","2024","105264",""
"Italy","2023","Total","Male","Milano","Urban agglomeration","Estimate - de jure","Final figure, complete","2024","1741419",""
"Italy","2023","Total","Male","Modena","City proper","Estimate - de jure","Final figure, complete","2024","89527",""
"Italy","2023","Total","Male","Napoli","Urban agglomeration","Estimate - de jure","Final figure, complete","2024","1364161",""
"Italy","2023","Total","Male","Novara","City proper","Estimate - de jure","Final figure, complete","2024","49347",""
"Italy","2023","Total","Male","Padova","City proper","Estimate - de jure","Final figure, complete","2024","98855",""
"Italy","2023","Total","Male","Palermo","City proper","Estimate - de jure","Final figure, complete","2024","302271",""
"Italy","2023","Total","Male","Parma","City proper","Estimate - de jure","Final figure, complete","2024","95468",""
"Italy","2023","Total","Male","Perugia","City proper","Estimate - de jure","Final figure, complete","2024","77996",""
"Italy","2023","Total","Male","Pescara","Urban agglomeration","Estimate - de jure","Final figure, complete","2024","56192",""
"Italy","2023","Total","Male","Piacenza","City proper","Estimate - de jure","Final figure, complete","2024","49646",""
"Italy","2023","Total","Male","Prato","City proper","Estimate - de jure","Final figure, complete","2024","96106",""
"Italy","2023","Total","Male","Ravenna","City proper","Estimate - de jure","Final figure, complete","2024","75869",""
"Italy","2023","Total","Male","Reggio di Calabria","City proper","Estimate - de jure","Final figure, complete","2024","81946",""
"Italy","2023","Total","Male","Reggio nell'Emilia","City proper","Estimate - de jure","Final figure, complete","2024","84148",""
"Italy","2023","Total","Male","Rimini","City proper","Estimate - de jure","Final figure, complete","2024","72003",""
"Italy","2023","Total","Male","ROMA","City proper","Estimate - de jure","Final figure, complete","2024","1308818",""
"Italy","2023","Total","Male","Salerno","City proper","Estimate - de jure","Final figure, complete","2024","59828",""
"Italy","2023","Total","Male","Sassari","City proper","Estimate - de jure","Final figure, complete","2024","58423",""
"Italy","2023","Total","Male","Siracusa","City proper","Estimate - de jure","Final figure, complete","2024","57126",""
"Italy","2023","Total","Male","Taranto","City proper","Estimate - de jure","Final figure, complete","2024","90160",""
"Italy","2023","Total","Male","Terni","City proper","Estimate - de jure","Final figure, complete","2024","50888",""
"Italy","2023","Total","Male","Torino","City proper","Estimate - de jure","Final figure, complete","2024","406718",""
"Italy","2023","Total","Male","Trento","City proper","Estimate - de jure","Final figure, complete","2024","57427",""
"Italy","2023","Total","Male","Trieste","City proper","Estimate - de jure","Final figure, complete","2024","95837",""
"Italy","2023","Total","Male","Venezia","City proper","Estimate - de jure","Final figure, complete","2024","120543",""
"Italy","2023","Total","Male","Verona","City proper","Estimate - de jure","Final figure, complete","2024","122280",""
"Italy","2023","Total","Male","Vicenza","City proper","Estimate - de jure","Final figure, complete","2024","52948",""
"Italy","2023","Total","Female","Ancona","City proper","Estimate - de jure","Final figure, complete","2024","50805",""
"Italy","2023","Total","Female","Bari","City proper","Estimate - de jure","Final figure, complete","2024","164435",""
"Italy","2023","Total","Female","Bergamo","Urban agglomeration","Estimate - de jure","Final figure, complete","2024","63015",""
"Italy","2023","Total","Female","Bologna","City proper","Estimate - de jure","Final figure, complete","2024","203824",""
"Italy","2023","Total","Female","Bolzano","City proper","Estimate - de jure","Final figure, complete","2024","55164",""
"Italy","2023","Total","Female","Brescia","City proper","Estimate - de jure","Final figure, complete","2024","102413",""
"Italy","2023","Total","Female","Cagliari","Urban agglomeration","Estimate - de jure","Final figure, complete","2024","79242",""
"Italy","2023","Total","Female","Catania","Urban agglomeration","Estimate - de jure","Final figure, complete","2024","155474",""
"Italy","2023","Total","Female","Ferrara","City proper","Estimate - de jure","Final figure, complete","2024","67986",""
"Italy","2023","Total","Female","Firenze","City proper","Estimate - de jure","Final figure, complete","2024","191397",""
"Italy","2023","Total","Female","Foggia","City proper","Estimate - de jure","Final figure, complete","2024","74269",""
"Italy","2023","Total","Female","Forli","City proper","Estimate - de jure","Final figure, complete","2024","59983",""
"Italy","2023","Total","Female","Genova","City proper","Estimate - de jure","Final figure, complete","2024","293476",""
"Italy","2023","Total","Female","Latina","City proper","Estimate - de jure","Final figure, complete","2024","65220",""
"Italy","2023","Total","Female","Livorno","City proper","Estimate - de jure","Final figure, complete","2024","79786",""
"Italy","2023","Total","Female","Messina","City proper","Estimate - de jure","Final figure, complete","2024","114123",""
"Italy","2023","Total","Female","Milano","Urban agglomeration","Estimate - de jure","Final figure, complete","2024","1839111",""
"Italy","2023","Total","Female","Modena","City proper","Estimate - de jure","Final figure, complete","2024","95309",""
"Italy","2023","Total","Female","Napoli","Urban agglomeration","Estimate - de jure","Final figure, complete","2024","1445196",""
"Italy","2023","Total","Female","Novara","City proper","Estimate - de jure","Final figure, complete","2024","52450",""
"Italy","2023","Total","Female","Padova","City proper","Estimate - de jure","Final figure, complete","2024","108257",""
"Italy","2023","Total","Female","Palermo","City proper","Estimate - de jure","Final figure, complete","2024","330228",""
"Italy","2023","Total","Female","Parma","City proper","Estimate - de jure","Final figure, complete","2024","101550",""
"Italy","2023","Total","Female","Perugia","City proper","Estimate - de jure","Final figure, complete","2024","84371",""
"Italy","2023","Total","Female","Pescara","Urban agglomeration","Estimate - de jure","Final figure, complete","2024","62637",""
"Italy","2023","Total","Female","Piacenza","City proper","Estimate - de jure","Final figure, complete","2024","53082",""
"Italy","2023","Total","Female","Prato","City proper","Estimate - de jure","Final figure, complete","2024","100211",""
"Italy","2023","Total","Female","Ravenna","City proper","Estimate - de jure","Final figure, complete","2024","80181",""
"Italy","2023","Total","Female","Reggio di Calabria","City proper","Estimate - de jure","Final figure, complete","2024","89235",""
"Italy","2023","Total","Female","Reggio nell'Emilia","City proper","Estimate - de jure","Final figure, complete","2024","86303",""
"Italy","2023","Total","Female","Rimini","City proper","Estimate - de jure","Final figure, complete","2024","77678",""
"Italy","2023","Total","Female","ROMA","City proper","Estimate - de jure","Final figure, complete","2024","1446491",""
"Italy","2023","Total","Female","Salerno","City proper","Estimate - de jure","Final figure, complete","2024","67657",""
"Italy","2023","Total","Female","Sassari","City proper","Estimate - de jure","Final figure, complete","2024","62986",""
"Italy","2023","Total","Female","Siracusa","City proper","Estimate - de jure","Final figure, complete","2024","59509",""
"Italy","2023","Total","Female","Taranto","City proper","Estimate - de jure","Final figure, complete","2024","98150",""
"Italy","2023","Total","Female","Terni","City proper","Estimate - de jure","Final figure, complete","2024","55905",""
"Italy","2023","Total","Female","Torino","City proper","Estimate - de jure","Final figure, complete","2024","440680",""
"Italy","2023","Total","Female","Trento","City proper","Estimate - de jure","Final figure, complete","2024","60850",""
"Italy","2023","Total","Female","Trieste","City proper","Estimate - de jure","Final figure, complete","2024","103195",""
"Italy","2023","Total","Female","Venezia","City proper","Estimate - de jure","Final figure, complete","2024","130370",""
"Italy","2023","Total","Female","Verona","City proper","Estimate - de jure","Final figure, complete","2024","133769",""
"Italy","2023","Total","Female","Vicenza","City proper","Estimate - de jure","Final figure, complete","2024","57335",""
"Italy","2021","Total","Both Sexes","Bari","City proper","Estimate - de jure","Final figure, complete","2022","316577","1"
"Italy","2021","Total","Both Sexes","Bergamo","City proper","Estimate - de jure","Final figure, complete","2022","119735","1"
"Italy","2021","Total","Both Sexes","Bologna","City proper","Estimate - de jure","Final figure, complete","2022","389764","1"
"Italy","2021","Total","Both Sexes","Bolzano","City proper","Estimate - de jure","Final figure, complete","2022","107034","1"
"Italy","2021","Total","Both Sexes","Brescia","City proper","Estimate - de jure","Final figure, complete","2022","196605","1"
"Italy","2021","Total","Both Sexes","Cagliari","City proper","Estimate - de jure","Final figure, complete","2022","149332","1"
"Italy","2021","Total","Both Sexes","Catania","City proper","Estimate - de jure","Final figure, complete","2022","300730","1"
"Italy","2021","Total","Both Sexes","Ferrara","City proper","Estimate - de jure","Final figure, complete","2022","130771","1"
"Italy","2021","Total","Both Sexes","Firenze","City proper","Estimate - de jure","Final figure, complete","2022","365019","1"
"Italy","2021","Total","Both Sexes","Foggia","City proper","Estimate - de jure","Final figure, complete","2022","147135","1"
"Italy","2021","Total","Both Sexes","Forli","City proper","Estimate - de jure","Final figure, complete","2022","116983","1"
"Italy","2021","Total","Both Sexes","Genova","City proper","Estimate - de jure","Final figure, complete","2022","563807","1"
"Italy","2021","Total","Both Sexes","Giugliano in Campania","City proper","Estimate - de jure","Final figure, complete","2022","123061","1"
"Italy","2021","Total","Both Sexes","Latina","City proper","Estimate - de jure","Final figure, complete","2022","127711","1"
"Italy","2021","Total","Both Sexes","Livorno","City proper","Estimate - de jure","Final figure, complete","2022","154927","1"
"Italy","2021","Total","Both Sexes","Messina","City proper","Estimate - de jure","Final figure, complete","2022","221788","1"
"Italy","2021","Total","Both Sexes","Milano","City proper","Estimate - de jure","Final figure, complete","2022","1362256","1"
"Italy","2021","Total","Both Sexes","Modena","City proper","Estimate - de jure","Final figure, complete","2022","185693","1"
"Italy","2021","Total","Both Sexes","Monza","City proper","Estimate - de jure","Final figure, complete","2022","122253","1"
"Italy","2021","Total","Both Sexes","Napoli","City proper","Estimate - de jure","Final figure, complete","2022","921618","1"
"Italy","2021","Total","Both Sexes","Novara","City proper","Estimate - de jure","Final figure, complete","2022","101796","1"
"Italy","2021","Total","Both Sexes","Padova","City proper","Estimate - de jure","Final figure, complete","2022","208191","1"
"Italy","2021","Total","Both Sexes","Palermo","City proper","Estimate - de jure","Final figure, complete","2022","636662","1"
"Italy","2021","Total","Both Sexes","Parma","City proper","Estimate - de jure","Final figure, complete","2022","195717","1"
"Italy","2021","Total","Both Sexes","Perugia","City proper","Estimate - de jure","Final figure, complete","2022","163542","1"
"Italy","2021","Total","Both Sexes","Pescara","City proper","Estimate - de jure","Final figure, complete","2022","118879","1"
"Italy","2021","Total","Both Sexes","Piacenza","City proper","Estimate - de jure","Final figure, complete","2022","102548","1"
"Italy","2021","Total","Both Sexes","Prato","City proper","Estimate - de jure","Final figure, complete","2022","198312","1"
"Italy","2021","Total","Both Sexes","Ravenna","City proper","Estimate - de jure","Final figure, complete","2022","156150","1"
"Italy","2021","Total","Both Sexes","Reggio di Calabria","City proper","Estimate - de jure","Final figure, complete","2022","172753","1"
"Italy","2021","Total","Both Sexes","Reggio nell'Emilia","City proper","Estimate - de jure","Final figure, complete","2022","170255","1"
"Italy","2021","Total","Both Sexes","Rimini","City proper","Estimate - de jure","Final figure, complete","2022","149705","1"
"Italy","2021","Total","Both Sexes","ROMA","City proper","Estimate - de jure","Final figure, complete","2022","2759629","1"
"Italy","2021","Total","Both Sexes","Salerno","City proper","Estimate - de jure","Final figure, complete","2022","128671","1"
"Italy","2021","Total","Both Sexes","Sassari","City proper","Estimate - de jure","Final figure, complete","2022","122333","1"
"Italy","2021","Total","Both Sexes","Siracusa","City proper","Estimate - de jure","Final figure, complete","2022","117054","1"
"Italy","2021","Total","Both Sexes","Taranto","City proper","Estimate - de jure","Final figure, complete","2022","190089","1"
"Italy","2021","Total","Both Sexes","Terni","City proper","Estimate - de jure","Final figure, complete","2022","107574","1"
"Italy","2021","Total","Both Sexes","Torino","City proper","Estimate - de jure","Final figure, complete","2022","853477","1"
"Italy","2021","Total","Both Sexes","Trento","City proper","Estimate - de jure","Final figure, complete","2022","118363","1"
"Italy","2021","Total","Both Sexes","Trieste","City proper","Estimate - de jure","Final figure, complete","2022","199812","1"
"Italy","2021","Total","Both Sexes","Venezia","City proper","Estimate - de jure","Final figure, complete","2022","254014","1"
"Italy","2021","Total","Both Sexes","Verona","City proper","Estimate - de jure","Final figure, complete","2022","257008","1"
"Italy","2021","Total","Both Sexes","Vicenza","City proper","Estimate - de jure","Final figure, complete","2022","110703","1"
"Italy","2021","Total","Male","Bari","City proper","Estimate - de jure","Final figure, complete","2022","152003","1"
"Italy","2021","Total","Male","Bergamo","City proper","Estimate - de jure","Final figure, complete","2022","56729","1"
"Italy","2021","Total","Male","Bologna","City proper","Estimate - de jure","Final figure, complete","2022","185191","1"
"Italy","2021","Total","Male","Bolzano","City proper","Estimate - de jure","Final figure, complete","2022","51678","1"
"Italy","2021","Total","Male","Brescia","City proper","Estimate - de jure","Final figure, complete","2022","94246","1"
"Italy","2021","Total","Male","Cagliari","City proper","Estimate - de jure","Final figure, complete","2022","69334","1"
"Italy","2021","Total","Male","Catania","City proper","Estimate - de jure","Final figure, complete","2022","144317","1"
"Italy","2021","Total","Male","Ferrara","City proper","Estimate - de jure","Final figure, complete","2022","62071","1"
"Italy","2021","Total","Male","Firenze","City proper","Estimate - de jure","Final figure, complete","2022","171689","1"
"Italy","2021","Total","Male","Foggia","City proper","Estimate - de jure","Final figure, complete","2022","72073","1"
"Italy","2021","Total","Male","Forli","City proper","Estimate - de jure","Final figure, complete","2022","56774","1"
"Italy","2021","Total","Male","Genova","City proper","Estimate - de jure","Final figure, complete","2022","267998","1"
"Italy","2021","Total","Male","Giugliano in Campania","City proper","Estimate - de jure","Final figure, complete","2022","60981","1"
"Italy","2021","Total","Male","Latina","City proper","Estimate - de jure","Final figure, complete","2022","62386","1"
"Italy","2021","Total","Male","Livorno","City proper","Estimate - de jure","Final figure, complete","2022","74517","1"
"Italy","2021","Total","Male","Messina","City proper","Estimate - de jure","Final figure, complete","2022","106179","1"
"Italy","2021","Total","Male","Milano","City proper","Estimate - de jure","Final figure, complete","2022","657292","1"
"Italy","2021","Total","Male","Modena","City proper","Estimate - de jure","Final figure, complete","2022","89696","1"
"Italy","2021","Total","Male","Monza","City proper","Estimate - de jure","Final figure, complete","2022","58759","1"
"Italy","2021","Total","Male","Napoli","City proper","Estimate - de jure","Final figure, complete","2022","441408","1"
"Italy","2021","Total","Male","Novara","City proper","Estimate - de jure","Final figure, complete","2022","49305","1"
"Italy","2021","Total","Male","Padova","City proper","Estimate - de jure","Final figure, complete","2022","99042","1"
"Italy","2021","Total","Male","Palermo","City proper","Estimate - de jure","Final figure, complete","2022","303850","1"
"Italy","2021","Total","Male","Parma","City proper","Estimate - de jure","Final figure, complete","2022","94634","1"
"Italy","2021","Total","Male","Perugia","City proper","Estimate - de jure","Final figure, complete","2022","78404","1"
"Italy","2021","Total","Male","Pescara","City proper","Estimate - de jure","Final figure, complete","2022","56067","1"
"Italy","2021","Total","Male","Piacenza","City proper","Estimate - de jure","Final figure, complete","2022","49455","1"
"Italy","2021","Total","Male","Prato","City proper","Estimate - de jure","Final figure, complete","2022","97107","1"
"Italy","2021","Total","Male","Ravenna","City proper","Estimate - de jure","Final figure, complete","2022","75839","1"
"Italy","2021","Total","Male","Reggio di Calabria","City proper","Estimate - de jure","Final figure, complete","2022","82573","1"
"Italy","2021","Total","Male","Reggio nell'Emilia","City proper","Estimate - de jure","Final figure, complete","2022","83670","1"
"Italy","2021","Total","Male","Rimini","City proper","Estimate - de jure","Final figure, complete","2022","72025","1"
"Italy","2021","Total","Male","ROMA","City proper","Estimate - de jure","Final figure, complete","2022","1308324","1"
"Italy","2021","Total","Male","Salerno","City proper","Estimate - de jure","Final figure, complete","2022","60356","1"
"Italy","2021","Total","Male","Sassari","City proper","Estimate - de jure","Final figure, complete","2022","58724","1"
"Italy","2021","Total","Male","Siracusa","City proper","Estimate - de jure","Final figure, complete","2022","57273","1"
"Italy","2021","Total","Male","Taranto","City proper","Estimate - de jure","Final figure, complete","2022","90986","1"
"Italy","2021","Total","Male","Terni","City proper","Estimate - de jure","Final figure, complete","2022","51086","1"
"Italy","2021","Total","Male","Torino","City proper","Estimate - de jure","Final figure, complete","2022","408584","1"
"Italy","2021","Total","Male","Trento","City proper","Estimate - de jure","Final figure, complete","2022","57211","1"
"Italy","2021","Total","Male","Trieste","City proper","Estimate - de jure","Final figure, complete","2022","96058","1"
"Italy","2021","Total","Male","Venezia","City proper","Estimate - de jure","Final figure, complete","2022","121598","1"
"Italy","2021","Total","Male","Verona","City proper","Estimate - de jure","Final figure, complete","2022","122572","1"
"Italy","2021","Total","Male","Vicenza","City proper","Estimate - de jure","Final figure, complete","2022","53015","1"
"Italy","2021","Total","Female","Bari","City proper","Estimate - de jure","Final figure, complete","2022","164574","1"
"Italy","2021","Total","Female","Bergamo","City proper","Estimate - de jure","Final figure, complete","2022","63006","1"
"Italy","2021","Total","Female","Bologna","City proper","Estimate - de jure","Final figure, complete","2022","204574","1"
"Italy","2021","Total","Female","Bolzano","City proper","Estimate - de jure","Final figure, complete","2022","55357","1"
"Italy","2021","Total","Female","Brescia","City proper","Estimate - de jure","Final figure, complete","2022","102359","1"
"Italy","2021","Total","Female","Cagliari","City proper","Estimate - de jure","Final figure, complete","2022","79998","1"
"Italy","2021","Total","Female","Catania","City proper","Estimate - de jure","Final figure, complete","2022","156413","1"
"Italy","2021","Total","Female","Ferrara","City proper","Estimate - de jure","Final figure, complete","2022","68700","1"
"Italy","2021","Total","Female","Firenze","City proper","Estimate - de jure","Final figure, complete","2022","193331","1"
"Italy","2021","Total","Female","Foggia","City proper","Estimate - de jure","Final figure, complete","2022","75062","1"
"Italy","2021","Total","Female","Forli","City proper","Estimate - de jure","Final figure, complete","2022","60209","1"
"Italy","2021","Total","Female","Genova","City proper","Estimate - de jure","Final figure, complete","2022","295809","1"
"Italy","2021","Total","Female","Giugliano in Campania","City proper","Estimate - de jure","Final figure, complete","2022","62081","1"
"Italy","2021","Total","Female","Latina","City proper","Estimate - de jure","Final figure, complete","2022","65325","1"
"Italy","2021","Total","Female","Livorno","City proper","Estimate - de jure","Final figure, complete","2022","80410","1"
"Italy","2021","Total","Female","Messina","City proper","Estimate - de jure","Final figure, complete","2022","115609","1"
"Italy","2021","Total","Female","Milano","City proper","Estimate - de jure","Final figure, complete","2022","704964","1"
"Italy","2021","Total","Female","Modena","City proper","Estimate - de jure","Final figure, complete","2022","95997","1"
"Italy","2021","Total","Female","Monza","City proper","Estimate - de jure","Final figure, complete","2022","63494","1"
"Italy","2021","Total","Female","Napoli","City proper","Estimate - de jure","Final figure, complete","2022","480210","1"
"Italy","2021","Total","Female","Novara","City proper","Estimate - de jure","Final figure, complete","2022","52491","1"
"Italy","2021","Total","Female","Padova","City proper","Estimate - de jure","Final figure, complete","2022","109149","1"
"Italy","2021","Total","Female","Palermo","City proper","Estimate - de jure","Final figure, complete","2022","332813","1"
"Italy","2021","Total","Female","Parma","City proper","Estimate - de jure","Final figure, complete","2022","101084","1"
"Italy","2021","Total","Female","Perugia","City proper","Estimate - de jure","Final figure, complete","2022","85138","1"
"Italy","2021","Total","Female","Pescara","City proper","Estimate - de jure","Final figure, complete","2022","62813","1"
"Italy","2021","Total","Female","Piacenza","City proper","Estimate - de jure","Final figure, complete","2022","53093","1"
"Italy","2021","Total","Female","Prato","City proper","Estimate - de jure","Final figure, complete","2022","101205","1"
"Italy","2021","Total","Female","Ravenna","City proper","Estimate - de jure","Final figure, complete","2022","80311","1"
"Italy","2021","Total","Female","Reggio di Calabria","City proper","Estimate - de jure","Final figure, complete","2022","90180","1"
"Italy","2021","Total","Female","Reggio nell'Emilia","City proper","Estimate - de jure","Final figure, complete","2022","86585","1"
"Italy","2021","Total","Female","Rimini","City proper","Estimate - de jure","Final figure, complete","2022","77680","1"
"Italy","2021","Total","Female","ROMA","City proper","Estimate - de jure","Final figure, complete","2022","1451305","1"
"Italy","2021","Total","Female","Salerno","City proper","Estimate - de jure","Final figure, complete","2022","68315","1"
"Italy","2021","Total","Female","Sassari","City proper","Estimate - de jure","Final figure, complete","2022","63609","1"
"Italy","2021","Total","Female","Siracusa","City proper","Estimate - de jure","Final figure, complete","2022","59781","1"
"Italy","2021","Total","Female","Taranto","City proper","Estimate - de jure","Final figure, complete","2022","99103","1"
"Italy","2021","Total","Female","Terni","City proper","Estimate - de jure","Final figure, complete","2022","56488","1"
"Italy","2021","Total","Female","Torino","City proper","Estimate - de jure","Final figure, complete","2022","444893","1"
"Italy","2021","Total","Female","Trento","City proper","Estimate - de jure","Final figure, complete","2022","61153","1"
"Italy","2021","Total","Female","Trieste","City proper","Estimate - de jure","Final figure, complete","2022","103754","1"
"Italy","2021","Total","Female","Venezia","City proper","Estimate - de jure","Final figure, complete","2022","132416","1"
"Italy","2021","Total","Female","Verona","City proper","Estimate - de jure","Final figure, complete","2022","134437","1"
"Italy","2021","Total","Female","Vicenza","City proper","Estimate - de jure","Final figure, complete","2022","57688","1"
"Italy","2020","Total","Both Sexes","Bari","City proper","Estimate - de jure","Final figure, complete","2021","316244.5",""
"Italy","2020","Total","Both Sexes","Bergamo","City proper","Estimate - de jure","Final figure, complete","2021","120388",""
"Italy","2020","Total","Both Sexes","Bologna","City proper","Estimate - de jure","Final figure, complete","2021","393551",""
"Italy","2020","Total","Both Sexes","Bolzano","City proper","Estimate - de jure","Final figure, complete","2021","107655",""
"Italy","2020","Total","Both Sexes","Brescia","City proper","Estimate - de jure","Final figure, complete","2021","196822",""
"Italy","2020","Total","Both Sexes","Cagliari","City proper","Estimate - de jure","Final figure, complete","2021","150288.5",""
"Italy","2020","Total","Both Sexes","Catania","City proper","Estimate - de jure","Final figure, complete","2021","298311",""
"Italy","2020","Total","Both Sexes","Ferrara","City proper","Estimate - de jure","Final figure, complete","2021","132284",""
"Italy","2020","Total","Both Sexes","Firenze","City proper","Estimate - de jure","Final figure, complete","2021","367673",""
"Italy","2020","Total","Both Sexes","Foggia","City proper","Estimate - de jure","Final figure, complete","2021","148570",""
"Italy","2020","Total","Both Sexes","Forli","City proper","Estimate - de jure","Final figure, complete","2021","117849.5",""
"Italy","2020","Total","Both Sexes","Genova","City proper","Estimate - de jure","Final figure, complete","2021","566081",""
"Italy","2020","Total","Both Sexes","Giugliano in Campania","City proper","Estimate - de jure","Final figure, complete","2021","120470",""
"Italy","2020","Total","Both Sexes","Latina","City proper","Estimate - de jure","Final figure, complete","2021","127298.5",""
"Italy","2020","Total","Both Sexes","Livorno","City proper","Estimate - de jure","Final figure, complete","2021","156193.5",""
"Italy","2020","Total","Both Sexes","Messina","City proper","Estimate - de jure","Final figure, complete","2021","224876.5",""
"Italy","2020","Total","Both Sexes","Milano","City proper","Estimate - de jure","Final figure, complete","2021","1390412",""
"Italy","2020","Total","Both Sexes","Modena","City proper","Estimate - de jure","Final figure, complete","2021","187713.5",""
"Italy","2020","Total","Both Sexes","Monza","City proper","Estimate - de jure","Final figure, complete","2021","123681",""
"Italy","2020","Total","Both Sexes","Napoli","City proper","Estimate - de jure","Final figure, complete","2021","935472",""
"Italy","2020","Total","Both Sexes","Novara","City proper","Estimate - de jure","Final figure, complete","2021","102756",""
"Italy","2020","Total","Both Sexes","Padova","City proper","Estimate - de jure","Final figure, complete","2021","209903.5",""
"Italy","2020","Total","Both Sexes","Palermo","City proper","Estimate - de jure","Final figure, complete","2021","642653.5",""
"Italy","2020","Total","Both Sexes","Parma","City proper","Estimate - de jure","Final figure, complete","2021","198226.5",""
"Italy","2020","Total","Both Sexes","Perugia","City proper","Estimate - de jure","Final figure, complete","2021","164800.5",""
"Italy","2020","Total","Both Sexes","Pescara","City proper","Estimate - de jure","Final figure, complete","2021","119314",""
"Italy","2020","Total","Both Sexes","Piacenza","City proper","Estimate - de jure","Final figure, complete","2021","103495.5",""
"Italy","2020","Total","Both Sexes","Prato","City proper","Estimate - de jure","Final figure, complete","2021","197816.5",""
"Italy","2020","Total","Both Sexes","Ravenna","City proper","Estimate - de jure","Final figure, complete","2021","157355",""
"Italy","2020","Total","Both Sexes","Reggio di Calabria","City proper","Estimate - de jure","Final figure, complete","2021","173955.5",""
"Italy","2020","Total","Both Sexes","Reggio nell'Emilia","City proper","Estimate - de jure","Final figure, complete","2021","170842.5",""
"Italy","2020","Total","Both Sexes","Rimini","City proper","Estimate - de jure","Final figure, complete","2021","149787.5",""
"Italy","2020","Total","Both Sexes","ROMA","City proper","Estimate - de jure","Final figure, complete","2021","2789259.5",""
"Italy","2020","Total","Both Sexes","Salerno","City proper","Estimate - de jure","Final figure, complete","2021","130381",""
"Italy","2020","Total","Both Sexes","Sassari","City proper","Estimate - de jure","Final figure, complete","2021","123889.5",""
"Italy","2020","Total","Both Sexes","Siracusa","City proper","Estimate - de jure","Final figure, complete","2021","118054.5",""
"Italy","2020","Total","Both Sexes","Taranto","City proper","Estimate - de jure","Final figure, complete","2021","190883.5",""
"Italy","2020","Total","Both Sexes","Terni","City proper","Estimate - de jure","Final figure, complete","2021","108992.5",""
"Italy","2020","Total","Both Sexes","Torino","City proper","Estimate - de jure","Final figure, complete","2021","858057.5",""
"Italy","2020","Total","Both Sexes","Trento","City proper","Estimate - de jure","Final figure, complete","2021","119760",""
"Italy","2020","Total","Both Sexes","Trieste","City proper","Estimate - de jure","Final figure, complete","2021","201111",""
"Italy","2020","Total","Both Sexes","Venezia","City proper","Estimate - de jure","Final figure, complete","2021","257384",""
"Italy","2020","Total","Both Sexes","Verona","City proper","Estimate - de jure","Final figure, complete","2021","258559",""
"Italy","2020","Total","Both Sexes","Vicenza","City proper","Estimate - de jure","Final figure, complete","2021","110484",""
"Italy","2020","Total","Male","Bari","City proper","Estimate - de jure","Final figure, complete","2021","151874.5",""
"Italy","2020","Total","Male","Bergamo","City proper","Estimate - de jure","Final figure, complete","2021","56990.5",""
"Italy","2020","Total","Male","Bologna","City proper","Estimate - de jure","Final figure, complete","2021","186427.5",""
"Italy","2020","Total","Male","Bolzano","City proper","Estimate - de jure","Final figure, complete","2021","51840",""
"Italy","2020","Total","Male","Brescia","City proper","Estimate - de jure","Final figure, complete","2021","94020",""
"Italy","2020","Total","Male","Cagliari","City proper","Estimate - de jure","Final figure, complete","2021","69887",""
"Italy","2020","Total","Male","Catania","City proper","Estimate - de jure","Final figure, complete","2021","142932.5",""
"Italy","2020","Total","Male","Ferrara","City proper","Estimate - de jure","Final figure, complete","2021","62627.5",""
"Italy","2020","Total","Male","Firenze","City proper","Estimate - de jure","Final figure, complete","2021","172213.5",""
"Italy","2020","Total","Male","Foggia","City proper","Estimate - de jure","Final figure, complete","2021","72489",""
"Italy","2020","Total","Male","Forli","City proper","Estimate - de jure","Final figure, complete","2021","57089",""
"Italy","2020","Total","Male","Genova","City proper","Estimate - de jure","Final figure, complete","2021","268455.5",""
"Italy","2020","Total","Male","Giugliano in Campania","City proper","Estimate - de jure","Final figure, complete","2021","59620.5",""
"Italy","2020","Total","Male","Latina","City proper","Estimate - de jure","Final figure, complete","2021","62137",""
"Italy","2020","Total","Male","Livorno","City proper","Estimate - de jure","Final figure, complete","2021","75048",""
"Italy","2020","Total","Male","Messina","City proper","Estimate - de jure","Final figure, complete","2021","107623.5",""
"Italy","2020","Total","Male","Milano","City proper","Estimate - de jure","Final figure, complete","2021","669592",""
"Italy","2020","Total","Male","Modena","City proper","Estimate - de jure","Final figure, complete","2021","90445.5",""
"Italy","2020","Total","Male","Monza","City proper","Estimate - de jure","Final figure, complete","2021","59423",""
"Italy","2020","Total","Male","Napoli","City proper","Estimate - de jure","Final figure, complete","2021","447281.5",""
"Italy","2020","Total","Male","Novara","City proper","Estimate - de jure","Final figure, complete","2021","49716",""
"Italy","2020","Total","Male","Padova","City proper","Estimate - de jure","Final figure, complete","2021","99560.5",""
"Italy","2020","Total","Male","Palermo","City proper","Estimate - de jure","Final figure, complete","2021","306439",""
"Italy","2020","Total","Male","Parma","City proper","Estimate - de jure","Final figure, complete","2021","95593",""
"Italy","2020","Total","Male","Perugia","City proper","Estimate - de jure","Final figure, complete","2021","79016",""
"Italy","2020","Total","Male","Pescara","City proper","Estimate - de jure","Final figure, complete","2021","56176.5",""
"Italy","2020","Total","Male","Piacenza","City proper","Estimate - de jure","Final figure, complete","2021","49763.5",""
"Italy","2020","Total","Male","Prato","City proper","Estimate - de jure","Final figure, complete","2021","96514",""
"Italy","2020","Total","Male","Ravenna","City proper","Estimate - de jure","Final figure, complete","2021","76271.5",""
"Italy","2020","Total","Male","Reggio di Calabria","City proper","Estimate - de jure","Final figure, complete","2021","83159",""
"Italy","2020","Total","Male","Reggio nell'Emilia","City proper","Estimate - de jure","Final figure, complete","2021","83591",""
"Italy","2020","Total","Male","Rimini","City proper","Estimate - de jure","Final figure, complete","2021","71957.5",""
"Italy","2020","Total","Male","ROMA","City proper","Estimate - de jure","Final figure, complete","2021","1319911.5",""
"Italy","2020","Total","Male","Salerno","City proper","Estimate - de jure","Final figure, complete","2021","61035.5",""
"Italy","2020","Total","Male","Sassari","City proper","Estimate - de jure","Final figure, complete","2021","59555.5",""
"Italy","2020","Total","Male","Siracusa","City proper","Estimate - de jure","Final figure, complete","2021","57742",""
"Italy","2020","Total","Male","Taranto","City proper","Estimate - de jure","Final figure, complete","2021","91199",""
"Italy","2020","Total","Male","Terni","City proper","Estimate - de jure","Final figure, complete","2021","51678",""
"Italy","2020","Total","Male","Torino","City proper","Estimate - de jure","Final figure, complete","2021","409773.5",""
"Italy","2020","Total","Male","Trento","City proper","Estimate - de jure","Final figure, complete","2021","57781",""
"Italy","2020","Total","Male","Trieste","City proper","Estimate - de jure","Final figure, complete","2021","96442",""
"Italy","2020","Total","Male","Venezia","City proper","Estimate - de jure","Final figure, complete","2021","122907.5",""
"Italy","2020","Total","Male","Verona","City proper","Estimate - de jure","Final figure, complete","2021","123011",""
"Italy","2020","Total","Male","Vicenza","City proper","Estimate - de jure","Final figure, complete","2021","52746.5",""
"Italy","2020","Total","Female","Bari","City proper","Estimate - de jure","Final figure, complete","2021","164370",""
"Italy","2020","Total","Female","Bergamo","City proper","Estimate - de jure","Final figure, complete","2021","63397.5",""
"Italy","2020","Total","Female","Bologna","City proper","Estimate - de jure","Final figure, complete","2021","207123.5",""
"Italy","2020","Total","Female","Bolzano","City proper","Estimate - de jure","Final figure, complete","2021","55815",""
"Italy","2020","Total","Female","Brescia","City proper","Estimate - de jure","Final figure, complete","2021","102802",""
"Italy","2020","Total","Female","Cagliari","City proper","Estimate - de jure","Final figure, complete","2021","80401.5",""
"Italy","2020","Total","Female","Catania","City proper","Estimate - de jure","Final figure, complete","2021","155378.5",""
"Italy","2020","Total","Female","Ferrara","City proper","Estimate - de jure","Final figure, complete","2021","69656.5",""
"Italy","2020","Total","Female","Firenze","City proper","Estimate - de jure","Final figure, complete","2021","195459.5",""
"Italy","2020","Total","Female","Foggia","City proper","Estimate - de jure","Final figure, complete","2021","76081",""
"Italy","2020","Total","Female","Forli","City proper","Estimate - de jure","Final figure, complete","2021","60760.5",""
"Italy","2020","Total","Female","Genova","City proper","Estimate - de jure","Final figure, complete","2021","297625.5",""
"Italy","2020","Total","Female","Giugliano in Campania","City proper","Estimate - de jure","Final figure, complete","2021","60849.5",""
"Italy","2020","Total","Female","Latina","City proper","Estimate - de jure","Final figure, complete","2021","65161.5",""
"Italy","2020","Total","Female","Livorno","City proper","Estimate - de jure","Final figure, complete","2021","81145.5",""
"Italy","2020","Total","Female","Messina","City proper","Estimate - de jure","Final figure, complete","2021","117253",""
"Italy","2020","Total","Female","Milano","City proper","Estimate - de jure","Final figure, complete","2021","720820",""
"Italy","2020","Total","Female","Modena","City proper","Estimate - de jure","Final figure, complete","2021","97268",""
"Italy","2020","Total","Female","Monza","City proper","Estimate - de jure","Final figure, complete","2021","64258",""
"Italy","2020","Total","Female","Napoli","City proper","Estimate - de jure","Final figure, complete","2021","488190.5",""
"Italy","2020","Total","Female","Novara","City proper","Estimate - de jure","Final figure, complete","2021","53040",""
"Italy","2020","Total","Female","Padova","City proper","Estimate - de jure","Final figure, complete","2021","110343",""
"Italy","2020","Total","Female","Palermo","City proper","Estimate - de jure","Final figure, complete","2021","336214.5",""
"Italy","2020","Total","Female","Parma","City proper","Estimate - de jure","Final figure, complete","2021","102633.5",""
"Italy","2020","Total","Female","Perugia","City proper","Estimate - de jure","Final figure, complete","2021","85784.5",""
"Italy","2020","Total","Female","Pescara","City proper","Estimate - de jure","Final figure, complete","2021","63137.5",""
"Italy","2020","Total","Female","Piacenza","City proper","Estimate - de jure","Final figure, complete","2021","53732",""
"Italy","2020","Total","Female","Prato","City proper","Estimate - de jure","Final figure, complete","2021","101302.5",""
"Italy","2020","Total","Female","Ravenna","City proper","Estimate - de jure","Final figure, complete","2021","81083.5",""
"Italy","2020","Total","Female","Reggio di Calabria","City proper","Estimate - de jure","Final figure, complete","2021","90796.5",""
"Italy","2020","Total","Female","Reggio nell'Emilia","City proper","Estimate - de jure","Final figure, complete","2021","87251.5",""
"Italy","2020","Total","Female","Rimini","City proper","Estimate - de jure","Final figure, complete","2021","77830",""
"Italy","2020","Total","Female","ROMA","City proper","Estimate - de jure","Final figure, complete","2021","1469348",""
"Italy","2020","Total","Female","Salerno","City proper","Estimate - de jure","Final figure, complete","2021","69345.5",""
"Italy","2020","Total","Female","Sassari","City proper","Estimate - de jure","Final figure, complete","2021","64334",""
"Italy","2020","Total","Female","Siracusa","City proper","Estimate - de jure","Final figure, complete","2021","60312.5",""
"Italy","2020","Total","Female","Taranto","City proper","Estimate - de jure","Final figure, complete","2021","99684.5",""
"Italy","2020","Total","Female","Terni","City proper","Estimate - de jure","Final figure, complete","2021","57314.5",""
"Italy","2020","Total","Female","Torino","City proper","Estimate - de jure","Final figure, complete","2021","448284",""
"Italy","2020","Total","Female","Trento","City proper","Estimate - de jure","Final figure, complete","2021","61979",""
"Italy","2020","Total","Female","Trieste","City proper","Estimate - de jure","Final figure, complete","2021","104669",""
"Italy","2020","Total","Female","Venezia","City proper","Estimate - de jure","Final figure, complete","2021","134476.5",""
"Italy","2020","Total","Female","Verona","City proper","Estimate - de jure","Final figure, complete","2021","135548",""
"Italy","2020","Total","Female","Vicenza","City proper","Estimate - de jure","Final figure, complete","2021","57737.5",""
"Italy","2018","Total","Both Sexes","Ancona","City proper","Estimate - de jure","Final figure, complete","2020","100115.5",""
"Italy","2018","Total","Both Sexes","Bari","City proper","Estimate - de jure","Final figure, complete","2020","319930.5",""
"Italy","2018","Total","Both Sexes","Bergamo","City proper","Estimate - de jure","Final figure, complete","2020","120746",""
"Italy","2018","Total","Both Sexes","Bologna","City proper","Estimate - de jure","Final figure, complete","2020","391254.5",""
"Italy","2018","Total","Both Sexes","Bolzano","City proper","Estimate - de jure","Final figure, complete","2020","107456",""
"Italy","2018","Total","Both Sexes","Brescia","City proper","Estimate - de jure","Final figure, complete","2020","196439.5",""
"Italy","2018","Total","Both Sexes","Cagliari","City proper","Estimate - de jure","Final figure, complete","2020","152805",""
"Italy","2018","Total","Both Sexes","Catania","City proper","Estimate - de jure","Final figure, complete","2020","304686",""
"Italy","2018","Total","Both Sexes","Ferrara","City proper","Estimate - de jure","Final figure, complete","2020","132604.5",""
"Italy","2018","Total","Both Sexes","Firenze","City proper","Estimate - de jure","Final figure, complete","2020","375416.5",""
"Italy","2018","Total","Both Sexes","Foggia","City proper","Estimate - de jure","Final figure, complete","2020","151012",""
"Italy","2018","Total","Both Sexes","Forli","City proper","Estimate - de jure","Final figure, complete","2020","118111.5",""
"Italy","2018","Total","Both Sexes","Genova","City proper","Estimate - de jure","Final figure, complete","2020","574640.5",""
"Italy","2018","Total","Both Sexes","Giugliano in Campania","City proper","Estimate - de jure","Final figure, complete","2020","121376.5",""
"Italy","2018","Total","Both Sexes","Latina","City proper","Estimate - de jure","Final figure, complete","2020","126711",""
"Italy","2018","Total","Both Sexes","Livorno","City proper","Estimate - de jure","Final figure, complete","2020","157914",""
"Italy","2018","Total","Both Sexes","Messina","City proper","Estimate - de jure","Final figure, complete","2020","231786.5",""
"Italy","2018","Total","Both Sexes","Milano","City proper","Estimate - de jure","Final figure, complete","2020","1381080",""
"Italy","2018","Total","Both Sexes","Modena","City proper","Estimate - de jure","Final figure, complete","2020","187144.5",""
"Italy","2018","Total","Both Sexes","Monza","City proper","Estimate - de jure","Final figure, complete","2020","124028.5",""
"Italy","2018","Total","Both Sexes","Napoli","City proper","Estimate - de jure","Final figure, complete","2020","960231",""
"Italy","2018","Total","Both Sexes","Novara","City proper","Estimate - de jure","Final figure, complete","2020","103730.5",""
"Italy","2018","Total","Both Sexes","Padova","City proper","Estimate - de jure","Final figure, complete","2020","210217.5",""
"Italy","2018","Total","Both Sexes","Palermo","City proper","Estimate - de jure","Final figure, complete","2020","660562.5",""
"Italy","2018","Total","Both Sexes","Parma","City proper","Estimate - de jure","Final figure, complete","2020","197146.5",""
"Italy","2018","Total","Both Sexes","Perugia","City proper","Estimate - de jure","Final figure, complete","2020","165225.5",""
"Italy","2018","Total","Both Sexes","Pescara","City proper","Estimate - de jure","Final figure, complete","2020","119840",""
"Italy","2018","Total","Both Sexes","Piacenza","City proper","Estimate - de jure","Final figure, complete","2020","103493",""
"Italy","2018","Total","Both Sexes","Prato","City proper","Estimate - de jure","Final figure, complete","2020","193524",""
"Italy","2018","Total","Both Sexes","Ravenna","City proper","Estimate - de jure","Final figure, complete","2020","159019",""
"Italy","2018","Total","Both Sexes","Reggio di Calabria","City proper","Estimate - de jure","Final figure, complete","2020","178873",""
"Italy","2018","Total","Both Sexes","Reggio nell'Emilia","City proper","Estimate - de jure","Final figure, complete","2020","171415.5",""
"Italy","2018","Total","Both Sexes","Rimini","City proper","Estimate - de jure","Final figure, complete","2020","149192",""
"Italy","2018","Total","Both Sexes","ROMA","City proper","Estimate - de jure","Final figure, complete","2020","2846509.5",""
"Italy","2018","Total","Both Sexes","Salerno","City proper","Estimate - de jure","Final figure, complete","2020","133167",""
"Italy","2018","Total","Both Sexes","Sassari","City proper","Estimate - de jure","Final figure, complete","2020","126383.5",""
"Italy","2018","Total","Both Sexes","Siracusa","City proper","Estimate - de jure","Final figure, complete","2020","120657.5",""
"Italy","2018","Total","Both Sexes","Taranto","City proper","Estimate - de jure","Final figure, complete","2020","195529",""
"Italy","2018","Total","Both Sexes","Terni","City proper","Estimate - de jure","Final figure, complete","2020","110871.5",""
"Italy","2018","Total","Both Sexes","Torino","City proper","Estimate - de jure","Final figure, complete","2020","871658",""
"Italy","2018","Total","Both Sexes","Trento","City proper","Estimate - de jure","Final figure, complete","2020","118806.5",""
"Italy","2018","Total","Both Sexes","Trieste","City proper","Estimate - de jure","Final figure, complete","2020","203344.5",""
"Italy","2018","Total","Both Sexes","Venezia","City proper","Estimate - de jure","Final figure, complete","2020","260641",""
"Italy","2018","Total","Both Sexes","Verona","City proper","Estimate - de jure","Final figure, complete","2020","257929.5",""
"Italy","2018","Total","Both Sexes","Vicenza","City proper","Estimate - de jure","Final figure, complete","2020","110728.5",""
"Italy","2018","Total","Male","Ancona","City proper","Estimate - de jure","Final figure, complete","2020","47986.5",""
"Italy","2018","Total","Male","Bari","City proper","Estimate - de jure","Final figure, complete","2020","153776",""
"Italy","2018","Total","Male","Bergamo","City proper","Estimate - de jure","Final figure, complete","2020","57102",""
"Italy","2018","Total","Male","Bologna","City proper","Estimate - de jure","Final figure, complete","2020","184842.5",""
"Italy","2018","Total","Male","Bolzano","City proper","Estimate - de jure","Final figure, complete","2020","51591.5",""
"Italy","2018","Total","Male","Brescia","City proper","Estimate - de jure","Final figure, complete","2020","93152.5",""
"Italy","2018","Total","Male","Cagliari","City proper","Estimate - de jure","Final figure, complete","2020","71363.5",""
"Italy","2018","Total","Male","Catania","City proper","Estimate - de jure","Final figure, complete","2020","146414.5",""
"Italy","2018","Total","Male","Ferrara","City proper","Estimate - de jure","Final figure, complete","2020","62562.5",""
"Italy","2018","Total","Male","Firenze","City proper","Estimate - de jure","Final figure, complete","2020","176131",""
"Italy","2018","Total","Male","Foggia","City proper","Estimate - de jure","Final figure, complete","2020","73242.5",""
"Italy","2018","Total","Male","Forli","City proper","Estimate - de jure","Final figure, complete","2020","56958.5",""
"Italy","2018","Total","Male","Genova","City proper","Estimate - de jure","Final figure, complete","2020","271551",""
"Italy","2018","Total","Male","Giugliano in Campania","City proper","Estimate - de jure","Final figure, complete","2020","60167",""
"Italy","2018","Total","Male","Latina","City proper","Estimate - de jure","Final figure, complete","2020","61753",""
"Italy","2018","Total","Male","Livorno","City proper","Estimate - de jure","Final figure, complete","2020","75784.5",""
"Italy","2018","Total","Male","Messina","City proper","Estimate - de jure","Final figure, complete","2020","111077",""
"Italy","2018","Total","Male","Milano","City proper","Estimate - de jure","Final figure, complete","2020","662924.5",""
"Italy","2018","Total","Male","Modena","City proper","Estimate - de jure","Final figure, complete","2020","89817",""
"Italy","2018","Total","Male","Monza","City proper","Estimate - de jure","Final figure, complete","2020","59510",""
"Italy","2018","Total","Male","Napoli","City proper","Estimate - de jure","Final figure, complete","2020","459428",""
"Italy","2018","Total","Male","Novara","City proper","Estimate - de jure","Final figure, complete","2020","50068.5",""
"Italy","2018","Total","Male","Padova","City proper","Estimate - de jure","Final figure, complete","2020","99211",""
"Italy","2018","Total","Male","Palermo","City proper","Estimate - de jure","Final figure, complete","2020","315508.5",""
"Italy","2018","Total","Male","Parma","City proper","Estimate - de jure","Final figure, complete","2020","94568",""
"Italy","2018","Total","Male","Perugia","City proper","Estimate - de jure","Final figure, complete","2020","79123.5",""
"Italy","2018","Total","Male","Pescara","City proper","Estimate - de jure","Final figure, complete","2020","56243",""
"Italy","2018","Total","Male","Piacenza","City proper","Estimate - de jure","Final figure, complete","2020","49482.5",""
"Italy","2018","Total","Male","Prato","City proper","Estimate - de jure","Final figure, complete","2020","93861.5",""
"Italy","2018","Total","Male","Ravenna","City proper","Estimate - de jure","Final figure, complete","2020","77148.5",""
"Italy","2018","Total","Male","Reggio di Calabria","City proper","Estimate - de jure","Final figure, complete","2020","85713.5",""
"Italy","2018","Total","Male","Reggio nell'Emilia","City proper","Estimate - de jure","Final figure, complete","2020","83600.5",""
"Italy","2018","Total","Male","Rimini","City proper","Estimate - de jure","Final figure, complete","2020","71564.5",""
"Italy","2018","Total","Male","ROMA","City proper","Estimate - de jure","Final figure, complete","2020","1348803.5",""
"Italy","2018","Total","Male","Salerno","City proper","Estimate - de jure","Final figure, complete","2020","62264.5",""
"Italy","2018","Total","Male","Sassari","City proper","Estimate - de jure","Final figure, complete","2020","60868.5",""
"Italy","2018","Total","Male","Siracusa","City proper","Estimate - de jure","Final figure, complete","2020","59073",""
"Italy","2018","Total","Male","Taranto","City proper","Estimate - de jure","Final figure, complete","2020","93350",""
"Italy","2018","Total","Male","Terni","City proper","Estimate - de jure","Final figure, complete","2020","52333",""
"Italy","2018","Total","Male","Torino","City proper","Estimate - de jure","Final figure, complete","2020","415839.5",""
"Italy","2018","Total","Male","Trento","City proper","Estimate - de jure","Final figure, complete","2020","57177",""
"Italy","2018","Total","Male","Trieste","City proper","Estimate - de jure","Final figure, complete","2020","97334.5",""
"Italy","2018","Total","Male","Venezia","City proper","Estimate - de jure","Final figure, complete","2020","123975.5",""
"Italy","2018","Total","Male","Verona","City proper","Estimate - de jure","Final figure, complete","2020","122176.5",""
"Italy","2018","Total","Male","Vicenza","City proper","Estimate - de jure","Final figure, complete","2020","52485",""
"Italy","2018","Total","Female","Ancona","City proper","Estimate - de jure","Final figure, complete","2020","52129",""
"Italy","2018","Total","Female","Bari","City proper","Estimate - de jure","Final figure, complete","2020","166154.5",""
"Italy","2018","Total","Female","Bergamo","City proper","Estimate - de jure","Final figure, complete","2020","63644",""
"Italy","2018","Total","Female","Bologna","City proper","Estimate - de jure","Final figure, complete","2020","206412",""
"Italy","2018","Total","Female","Bolzano","City proper","Estimate - de jure","Final figure, complete","2020","55864.5",""
"Italy","2018","Total","Female","Brescia","City proper","Estimate - de jure","Final figure, complete","2020","103287",""
"Italy","2018","Total","Female","Cagliari","City proper","Estimate - de jure","Final figure, complete","2020","81441.5",""
"Italy","2018","Total","Female","Catania","City proper","Estimate - de jure","Final figure, complete","2020","158271.5",""
"Italy","2018","Total","Female","Ferrara","City proper","Estimate - de jure","Final figure, complete","2020","70042",""
"Italy","2018","Total","Female","Firenze","City proper","Estimate - de jure","Final figure, complete","2020","199285.5",""
"Italy","2018","Total","Female","Foggia","City proper","Estimate - de jure","Final figure, complete","2020","77769.5",""
"Italy","2018","Total","Female","Forli","City proper","Estimate - de jure","Final figure, complete","2020","61153",""
"Italy","2018","Total","Female","Genova","City proper","Estimate - de jure","Final figure, complete","2020","303089.5",""
"Italy","2018","Total","Female","Giugliano in Campania","City proper","Estimate - de jure","Final figure, complete","2020","61209.5",""
"Italy","2018","Total","Female","Latina","City proper","Estimate - de jure","Final figure, complete","2020","64958",""
"Italy","2018","Total","Female","Livorno","City proper","Estimate - de jure","Final figure, complete","2020","82129.5",""
"Italy","2018","Total","Female","Messina","City proper","Estimate - de jure","Final figure, complete","2020","120709.5",""
"Italy","2018","Total","Female","Milano","City proper","Estimate - de jure","Final figure, complete","2020","718155.5",""
"Italy","2018","Total","Female","Modena","City proper","Estimate - de jure","Final figure, complete","2020","97327.5",""
"Italy","2018","Total","Female","Monza","City proper","Estimate - de jure","Final figure, complete","2020","64518.5",""
"Italy","2018","Total","Female","Napoli","City proper","Estimate - de jure","Final figure, complete","2020","500803",""
"Italy","2018","Total","Female","Novara","City proper","Estimate - de jure","Final figure, complete","2020","53662",""
"Italy","2018","Total","Female","Padova","City proper","Estimate - de jure","Final figure, complete","2020","111006.5",""
"Italy","2018","Total","Female","Palermo","City proper","Estimate - de jure","Final figure, complete","2020","345054",""
"Italy","2018","Total","Female","Parma","City proper","Estimate - de jure","Final figure, complete","2020","102578.5",""
"Italy","2018","Total","Female","Perugia","City proper","Estimate - de jure","Final figure, complete","2020","86102",""
"Italy","2018","Total","Female","Pescara","City proper","Estimate - de jure","Final figure, complete","2020","63597",""
"Italy","2018","Total","Female","Piacenza","City proper","Estimate - de jure","Final figure, complete","2020","54010.5",""
"Italy","2018","Total","Female","Prato","City proper","Estimate - de jure","Final figure, complete","2020","99662.5",""
"Italy","2018","Total","Female","Ravenna","City proper","Estimate - de jure","Final figure, complete","2020","81870.5",""
"Italy","2018","Total","Female","Reggio di Calabria","City proper","Estimate - de jure","Final figure, complete","2020","93159.5",""
"Italy","2018","Total","Female","Reggio nell'Emilia","City proper","Estimate - de jure","Final figure, complete","2020","87815",""
"Italy","2018","Total","Female","Rimini","City proper","Estimate - de jure","Final figure, complete","2020","77627.5",""
"Italy","2018","Total","Female","ROMA","City proper","Estimate - de jure","Final figure, complete","2020","1497706",""
"Italy","2018","Total","Female","Salerno","City proper","Estimate - de jure","Final figure, complete","2020","70902.5",""
"Italy","2018","Total","Female","Sassari","City proper","Estimate - de jure","Final figure, complete","2020","65515",""
"Italy","2018","Total","Female","Siracusa","City proper","Estimate - de jure","Final figure, complete","2020","61584.5",""
"Italy","2018","Total","Female","Taranto","City proper","Estimate - de jure","Final figure, complete","2020","102179",""
"Italy","2018","Total","Female","Terni","City proper","Estimate - de jure","Final figure, complete","2020","58538.5",""
"Italy","2018","Total","Female","Torino","City proper","Estimate - de jure","Final figure, complete","2020","455818.5",""
"Italy","2018","Total","Female","Trento","City proper","Estimate - de jure","Final figure, complete","2020","61629.5",""
"Italy","2018","Total","Female","Trieste","City proper","Estimate - de jure","Final figure, complete","2020","106010",""
"Italy","2018","Total","Female","Venezia","City proper","Estimate - de jure","Final figure, complete","2020","136665.5",""
"Italy","2018","Total","Female","Verona","City proper","Estimate - de jure","Final figure, complete","2020","135753",""
"Italy","2018","Total","Female","Vicenza","City proper","Estimate - de jure","Final figure, complete","2020","58243.5",""
"Italy","2017","Total","Both Sexes","Ancona","City proper","Estimate - de jure","Final figure, complete","2018","100810",""
"Italy","2017","Total","Both Sexes","Bari","City proper","Estimate - de jure","Final figure, complete","2018","323784",""
"Italy","2017","Total","Both Sexes","Bergamo","City proper","Estimate - de jure","Final figure, complete","2018","120605",""
"Italy","2017","Total","Both Sexes","Bologna","City proper","Estimate - de jure","Final figure, complete","2018","388814",""
"Italy","2017","Total","Both Sexes","Bolzano","City proper","Estimate - de jure","Final figure, complete","2018","107134",""
"Italy","2017","Total","Both Sexes","Brescia","City proper","Estimate - de jure","Final figure, complete","2018","196707.5",""
"Italy","2017","Total","Both Sexes","Cagliari","City proper","Estimate - de jure","Final figure, complete","2018","154094.5",""
"Italy","2017","Total","Both Sexes","Catania","City proper","Estimate - de jure","Final figure, complete","2018","312508",""
"Italy","2017","Total","Both Sexes","Ferrara","City proper","Estimate - de jure","Final figure, complete","2018","132143.5",""
"Italy","2017","Total","Both Sexes","Firenze","City proper","Estimate - de jure","Final figure, complete","2018","381603",""
"Italy","2017","Total","Both Sexes","Foggia","City proper","Estimate - de jure","Final figure, complete","2018","151549",""
"Italy","2017","Total","Both Sexes","Forli","City proper","Estimate - de jure","Final figure, complete","2018","117904.5",""
"Italy","2017","Total","Both Sexes","Genova","City proper","Estimate - de jure","Final figure, complete","2018","581849",""
"Italy","2017","Total","Both Sexes","Giugliano in Campania","City proper","Estimate - de jure","Final figure, complete","2018","124100",""
"Italy","2017","Total","Both Sexes","Latina","City proper","Estimate - de jure","Final figure, complete","2018","126310.5",""
"Italy","2017","Total","Both Sexes","Livorno","City proper","Estimate - de jure","Final figure, complete","2018","158643.5",""
"Italy","2017","Total","Both Sexes","Messina","City proper","Estimate - de jure","Final figure, complete","2018","235627.5",""
"Italy","2017","Total","Both Sexes","Milano","City proper","Estimate - de jure","Final figure, complete","2018","1358871",""
"Italy","2017","Total","Both Sexes","Modena","City proper","Estimate - de jure","Final figure, complete","2018","185000",""
"Italy","2017","Total","Both Sexes","Monza","City proper","Estimate - de jure","Final figure, complete","2018","123276.5",""
"Italy","2017","Total","Both Sexes","Napoli","City proper","Estimate - de jure","Final figure, complete","2018","968164.5",""
"Italy","2017","Total","Both Sexes","Novara","City proper","Estimate - de jure","Final figure, complete","2018","104233.5",""
"Italy","2017","Total","Both Sexes","Padova","City proper","Estimate - de jure","Final figure, complete","2018","210134.5",""
"Italy","2017","Total","Both Sexes","Palermo","City proper","Estimate - de jure","Final figure, complete","2018","671070",""
"Italy","2017","Total","Both Sexes","Parma","City proper","Estimate - de jure","Final figure, complete","2018","195052",""
"Italy","2017","Total","Both Sexes","Perugia","City proper","Estimate - de jure","Final figure, complete","2018","166179.5",""
"Italy","2017","Total","Both Sexes","Pescara","City proper","Estimate - de jure","Final figure, complete","2018","119818.5",""
"Italy","2017","Total","Both Sexes","Piacenza","City proper","Estimate - de jure","Final figure, complete","2018","102718.5",""
"Italy","2017","Total","Both Sexes","Prato","City proper","Estimate - de jure","Final figure, complete","2018","192897",""
"Italy","2017","Total","Both Sexes","Ravenna","City proper","Estimate - de jure","Final figure, complete","2018","159086",""
"Italy","2017","Total","Both Sexes","Reggio di Calabria","City proper","Estimate - de jure","Final figure, complete","2018","181999",""
"Italy","2017","Total","Both Sexes","Reggio nell'Emilia","City proper","Estimate - de jure","Final figure, complete","2018","171717.5",""
"Italy","2017","Total","Both Sexes","Rimini","City proper","Estimate - de jure","Final figure, complete","2018","149155.5",""
"Italy","2017","Total","Both Sexes","ROMA","City proper","Estimate - de jure","Final figure, complete","2018","2873147",""
"Italy","2017","Total","Both Sexes","Salerno","City proper","Estimate - de jure","Final figure, complete","2018","134410",""
"Italy","2017","Total","Both Sexes","Sassari","City proper","Estimate - de jure","Final figure, complete","2018","127151",""
"Italy","2017","Total","Both Sexes","Siracusa","City proper","Estimate - de jure","Final figure, complete","2018","121818",""
"Italy","2017","Total","Both Sexes","Taranto","City proper","Estimate - de jure","Final figure, complete","2018","198922",""
"Italy","2017","Total","Both Sexes","Terni","City proper","Estimate - de jure","Final figure, complete","2018","111322",""
"Italy","2017","Total","Both Sexes","Torino","City proper","Estimate - de jure","Final figure, complete","2018","884680",""
"Italy","2017","Total","Both Sexes","Trento","City proper","Estimate - de jure","Final figure, complete","2018","117707",""
"Italy","2017","Total","Both Sexes","Trieste","City proper","Estimate - de jure","Final figure, complete","2018","204286",""
"Italy","2017","Total","Both Sexes","Venezia","City proper","Estimate - de jure","Final figure, complete","2018","261613",""
"Italy","2017","Total","Both Sexes","Verona","City proper","Estimate - de jure","Final figure, complete","2018","257314",""
"Italy","2017","Total","Both Sexes","Vicenza","City proper","Estimate - de jure","Final figure, complete","2018","111909",""
"Italy","2017","Total","Male","Ancona","City proper","Estimate - de jure","Final figure, complete","2018","48235",""
"Italy","2017","Total","Male","Bari","City proper","Estimate - de jure","Final figure, complete","2018","155568.5",""
"Italy","2017","Total","Male","Bergamo","City proper","Estimate - de jure","Final figure, complete","2018","56844.5",""
"Italy","2017","Total","Male","Bologna","City proper","Estimate - de jure","Final figure, complete","2018","183450.5",""
"Italy","2017","Total","Male","Bolzano","City proper","Estimate - de jure","Final figure, complete","2018","51406",""
"Italy","2017","Total","Male","Brescia","City proper","Estimate - de jure","Final figure, complete","2018","92895.5",""
"Italy","2017","Total","Male","Cagliari","City proper","Estimate - de jure","Final figure, complete","2018","71921.5",""
"Italy","2017","Total","Male","Catania","City proper","Estimate - de jure","Final figure, complete","2018","150391",""
"Italy","2017","Total","Male","Ferrara","City proper","Estimate - de jure","Final figure, complete","2018","62159.5",""
"Italy","2017","Total","Male","Firenze","City proper","Estimate - de jure","Final figure, complete","2018","179091.5",""
"Italy","2017","Total","Male","Foggia","City proper","Estimate - de jure","Final figure, complete","2018","73191",""
"Italy","2017","Total","Male","Forli","City proper","Estimate - de jure","Final figure, complete","2018","56683.5",""
"Italy","2017","Total","Male","Genova","City proper","Estimate - de jure","Final figure, complete","2018","274528",""
"Italy","2017","Total","Male","Giugliano in Campania","City proper","Estimate - de jure","Final figure, complete","2018","61529",""
"Italy","2017","Total","Male","Latina","City proper","Estimate - de jure","Final figure, complete","2018","61258.5",""
"Italy","2017","Total","Male","Livorno","City proper","Estimate - de jure","Final figure, complete","2018","76056",""
"Italy","2017","Total","Male","Messina","City proper","Estimate - de jure","Final figure, complete","2018","112892",""
"Italy","2017","Total","Male","Milano","City proper","Estimate - de jure","Final figure, complete","2018","650602.5",""
"Italy","2017","Total","Male","Modena","City proper","Estimate - de jure","Final figure, complete","2018","88488",""
"Italy","2017","Total","Male","Monza","City proper","Estimate - de jure","Final figure, complete","2018","59115.5",""
"Italy","2017","Total","Male","Napoli","City proper","Estimate - de jure","Final figure, complete","2018","462665",""
"Italy","2017","Total","Male","Novara","City proper","Estimate - de jure","Final figure, complete","2018","50218",""
"Italy","2017","Total","Male","Padova","City proper","Estimate - de jure","Final figure, complete","2018","98832",""
"Italy","2017","Total","Male","Palermo","City proper","Estimate - de jure","Final figure, complete","2018","320717.5",""
"Italy","2017","Total","Male","Parma","City proper","Estimate - de jure","Final figure, complete","2018","93310",""
"Italy","2017","Total","Male","Perugia","City proper","Estimate - de jure","Final figure, complete","2018","79250.5",""
"Italy","2017","Total","Male","Pescara","City proper","Estimate - de jure","Final figure, complete","2018","56058",""
"Italy","2017","Total","Male","Piacenza","City proper","Estimate - de jure","Final figure, complete","2018","48947.5",""
"Italy","2017","Total","Male","Prato","City proper","Estimate - de jure","Final figure, complete","2018","93416.5",""
"Italy","2017","Total","Male","Ravenna","City proper","Estimate - de jure","Final figure, complete","2018","77174.5",""
"Italy","2017","Total","Male","Reggio di Calabria","City proper","Estimate - de jure","Final figure, complete","2018","87200",""
"Italy","2017","Total","Male","Reggio nell'Emilia","City proper","Estimate - de jure","Final figure, complete","2018","83627",""
"Italy","2017","Total","Male","Rimini","City proper","Estimate - de jure","Final figure, complete","2018","71377.5",""
"Italy","2017","Total","Male","ROMA","City proper","Estimate - de jure","Final figure, complete","2018","1362623.5",""
"Italy","2017","Total","Male","Salerno","City proper","Estimate - de jure","Final figure, complete","2018","62759",""
"Italy","2017","Total","Male","Sassari","City proper","Estimate - de jure","Final figure, complete","2018","61121",""
"Italy","2017","Total","Male","Siracusa","City proper","Estimate - de jure","Final figure, complete","2018","59623",""
"Italy","2017","Total","Male","Taranto","City proper","Estimate - de jure","Final figure, complete","2018","94898.5",""
"Italy","2017","Total","Male","Terni","City proper","Estimate - de jure","Final figure, complete","2018","52434.5",""
"Italy","2017","Total","Male","Torino","City proper","Estimate - de jure","Final figure, complete","2018","421657.5",""
"Italy","2017","Total","Male","Trento","City proper","Estimate - de jure","Final figure, complete","2018","56530",""
"Italy","2017","Total","Male","Trieste","City proper","Estimate - de jure","Final figure, complete","2018","97522",""
"Italy","2017","Total","Male","Venezia","City proper","Estimate - de jure","Final figure, complete","2018","124028.5",""
"Italy","2017","Total","Male","Verona","City proper","Estimate - de jure","Final figure, complete","2018","121697.5",""
"Italy","2017","Total","Male","Vicenza","City proper","Estimate - de jure","Final figure, complete","2018","52899",""
"Italy","2017","Total","Female","Ancona","City proper","Estimate - de jure","Final figure, complete","2018","52575",""
"Italy","2017","Total","Female","Bari","City proper","Estimate - de jure","Final figure, complete","2018","168215.5",""
"Italy","2017","Total","Female","Bergamo","City proper","Estimate - de jure","Final figure, complete","2018","63760.5",""
"Italy","2017","Total","Female","Bologna","City proper","Estimate - de jure","Final figure, complete","2018","205363.5",""
"Italy","2017","Total","Female","Bolzano","City proper","Estimate - de jure","Final figure, complete","2018","55728",""
"Italy","2017","Total","Female","Brescia","City proper","Estimate - de jure","Final figure, complete","2018","103812",""
"Italy","2017","Total","Female","Cagliari","City proper","Estimate - de jure","Final figure, complete","2018","82173",""
"Italy","2017","Total","Female","Catania","City proper","Estimate - de jure","Final figure, complete","2018","162117",""
"Italy","2017","Total","Female","Ferrara","City proper","Estimate - de jure","Final figure, complete","2018","69984",""
"Italy","2017","Total","Female","Firenze","City proper","Estimate - de jure","Final figure, complete","2018","202511.5",""
"Italy","2017","Total","Female","Foggia","City proper","Estimate - de jure","Final figure, complete","2018","78358",""
"Italy","2017","Total","Female","Forli","City proper","Estimate - de jure","Final figure, complete","2018","61221",""
"Italy","2017","Total","Female","Genova","City proper","Estimate - de jure","Final figure, complete","2018","307321",""
"Italy","2017","Total","Female","Giugliano in Campania","City proper","Estimate - de jure","Final figure, complete","2018","62571",""
"Italy","2017","Total","Female","Latina","City proper","Estimate - de jure","Final figure, complete","2018","65052",""
"Italy","2017","Total","Female","Livorno","City proper","Estimate - de jure","Final figure, complete","2018","82587.5",""
"Italy","2017","Total","Female","Messina","City proper","Estimate - de jure","Final figure, complete","2018","122735.5",""
"Italy","2017","Total","Female","Milano","City proper","Estimate - de jure","Final figure, complete","2018","708268.5",""
"Italy","2017","Total","Female","Modena","City proper","Estimate - de jure","Final figure, complete","2018","96512",""
"Italy","2017","Total","Female","Monza","City proper","Estimate - de jure","Final figure, complete","2018","64161",""
"Italy","2017","Total","Female","Napoli","City proper","Estimate - de jure","Final figure, complete","2018","505499.5",""
"Italy","2017","Total","Female","Novara","City proper","Estimate - de jure","Final figure, complete","2018","54015.5",""
"Italy","2017","Total","Female","Padova","City proper","Estimate - de jure","Final figure, complete","2018","111302.5",""
"Italy","2017","Total","Female","Palermo","City proper","Estimate - de jure","Final figure, complete","2018","350352.5",""
"Italy","2017","Total","Female","Parma","City proper","Estimate - de jure","Final figure, complete","2018","101742",""
"Italy","2017","Total","Female","Perugia","City proper","Estimate - de jure","Final figure, complete","2018","86929",""
"Italy","2017","Total","Female","Pescara","City proper","Estimate - de jure","Final figure, complete","2018","63760.5",""
"Italy","2017","Total","Female","Piacenza","City proper","Estimate - de jure","Final figure, complete","2018","53771",""
"Italy","2017","Total","Female","Prato","City proper","Estimate - de jure","Final figure, complete","2018","99480.5",""
"Italy","2017","Total","Female","Ravenna","City proper","Estimate - de jure","Final figure, complete","2018","81911.5",""
"Italy","2017","Total","Female","Reggio di Calabria","City proper","Estimate - de jure","Final figure, complete","2018","94799",""
"Italy","2017","Total","Female","Reggio nell'Emilia","City proper","Estimate - de jure","Final figure, complete","2018","88090.5",""
"Italy","2017","Total","Female","Rimini","City proper","Estimate - de jure","Final figure, complete","2018","77778",""
"Italy","2017","Total","Female","ROMA","City proper","Estimate - de jure","Final figure, complete","2018","1510523.5",""
"Italy","2017","Total","Female","Salerno","City proper","Estimate - de jure","Final figure, complete","2018","71651",""
"Italy","2017","Total","Female","Sassari","City proper","Estimate - de jure","Final figure, complete","2018","66030",""
"Italy","2017","Total","Female","Siracusa","City proper","Estimate - de jure","Final figure, complete","2018","62195",""
"Italy","2017","Total","Female","Taranto","City proper","Estimate - de jure","Final figure, complete","2018","104023.5",""
"Italy","2017","Total","Female","Terni","City proper","Estimate - de jure","Final figure, complete","2018","58887.5",""
"Italy","2017","Total","Female","Torino","City proper","Estimate - de jure","Final figure, complete","2018","463022.5",""
"Italy","2017","Total","Female","Trento","City proper","Estimate - de jure","Final figure, complete","2018","61177",""
"Italy","2017","Total","Female","Trieste","City proper","Estimate - de jure","Final figure, complete","2018","106764",""
"Italy","2017","Total","Female","Venezia","City proper","Estimate - de jure","Final figure, complete","2018","137584.5",""
"Italy","2017","Total","Female","Verona","City proper","Estimate - de jure","Final figure, complete","2018","135616.5",""
"Italy","2017","Total","Female","Vicenza","City proper","Estimate - de jure","Final figure, complete","2018","59010",""
"Italy","2016","Total","Both Sexes","Ancona","City proper","Estimate - de jure","Final figure, complete","2017","100778.5",""
"Italy","2016","Total","Both Sexes","Bari","City proper","Estimate - de jure","Final figure, complete","2017","325271",""
"Italy","2016","Total","Both Sexes","Bergamo","City proper","Estimate - de jure","Final figure, complete","2017","119834",""
"Italy","2016","Total","Both Sexes","Bologna","City proper","Estimate - de jure","Final figure, complete","2017","387515",""
"Italy","2016","Total","Both Sexes","Bolzano","City proper","Estimate - de jure","Final figure, complete","2017","106696",""
"Italy","2016","Total","Both Sexes","Brescia","City proper","Estimate - de jure","Final figure, complete","2017","196575",""
"Italy","2016","Total","Both Sexes","Cagliari","City proper","Estimate - de jure","Final figure, complete","2017","154271.5",""
"Italy","2016","Total","Both Sexes","Catania","City proper","Estimate - de jure","Final figure, complete","2017","313975.5",""
"Italy","2016","Total","Both Sexes","Ferrara","City proper","Estimate - de jure","Final figure, complete","2017","132582",""
"Italy","2016","Total","Both Sexes","Firenze","City proper","Estimate - de jure","Final figure, complete","2017","382533",""
"Italy","2016","Total","Both Sexes","Foggia","City proper","Estimate - de jure","Final figure, complete","2017","151858.5",""
"Italy","2016","Total","Both Sexes","Forli","City proper","Estimate - de jure","Final figure, complete","2017","117929.5",""
"Italy","2016","Total","Both Sexes","Genova","City proper","Estimate - de jure","Final figure, complete","2017","585128",""
"Italy","2016","Total","Both Sexes","Giugliano in Campania","City proper","Estimate - de jure","Final figure, complete","2017","123406.5",""
"Italy","2016","Total","Both Sexes","Latina","City proper","Estimate - de jure","Final figure, complete","2017","126068",""
"Italy","2016","Total","Both Sexes","Livorno","City proper","Estimate - de jure","Final figure, complete","2017","159067.5",""
"Italy","2016","Total","Both Sexes","Messina","City proper","Estimate - de jure","Final figure, complete","2017","237700.5",""
"Italy","2016","Total","Both Sexes","Milano","City proper","Estimate - de jure","Final figure, complete","2017","1348706.5",""
"Italy","2016","Total","Both Sexes","Modena","City proper","Estimate - de jure","Final figure, complete","2017","184850",""
"Italy","2016","Total","Both Sexes","Monza","City proper","Estimate - de jure","Final figure, complete","2017","122813",""
"Italy","2016","Total","Both Sexes","Napoli","City proper","Estimate - de jure","Final figure, complete","2017","972129.5",""
"Italy","2016","Total","Both Sexes","Novara","City proper","Estimate - de jure","Final figure, complete","2017","104332",""
"Italy","2016","Total","Both Sexes","Padova","City proper","Estimate - de jure","Final figure, complete","2017","210115",""
"Italy","2016","Total","Both Sexes","Palermo","City proper","Estimate - de jure","Final figure, complete","2017","674085",""
"Italy","2016","Total","Both Sexes","Parma","City proper","Estimate - de jure","Final figure, complete","2017","193626.5",""
"Italy","2016","Total","Both Sexes","Perugia","City proper","Estimate - de jure","Final figure, complete","2017","166405",""
"Italy","2016","Total","Both Sexes","Pescara","City proper","Estimate - de jure","Final figure, complete","2017","120717",""
"Italy","2016","Total","Both Sexes","Piacenza","City proper","Estimate - de jure","Final figure, complete","2017","102273",""
"Italy","2016","Total","Both Sexes","Prato","City proper","Estimate - de jure","Final figure, complete","2017","191809.5",""
"Italy","2016","Total","Both Sexes","Ravenna","City proper","Estimate - de jure","Final figure, complete","2017","159086.5",""
"Italy","2016","Total","Both Sexes","Reggio di Calabria","City proper","Estimate - de jure","Final figure, complete","2017","182793",""
"Italy","2016","Total","Both Sexes","Reggio nell'Emilia","City proper","Estimate - de jure","Final figure, complete","2017","171418",""
"Italy","2016","Total","Both Sexes","Rimini","City proper","Estimate - de jure","Final figure, complete","2017","148329",""
"Italy","2016","Total","Both Sexes","ROMA","City proper","Estimate - de jure","Final figure, complete","2017","2869112.5",""
"Italy","2016","Total","Both Sexes","Salerno","City proper","Estimate - de jure","Final figure, complete","2017","135055.5",""
"Italy","2016","Total","Both Sexes","Sassari","City proper","Estimate - de jure","Final figure, complete","2017","127529",""
"Italy","2016","Total","Both Sexes","Siracusa","City proper","Estimate - de jure","Final figure, complete","2017","122161",""
"Italy","2016","Total","Both Sexes","Taranto","City proper","Estimate - de jure","Final figure, complete","2017","200330.5",""
"Italy","2016","Total","Both Sexes","Terni","City proper","Estimate - de jure","Final figure, complete","2017","111478",""
"Italy","2016","Total","Both Sexes","Torino","City proper","Estimate - de jure","Final figure, complete","2017","888683",""
"Italy","2016","Total","Both Sexes","Trento","City proper","Estimate - de jure","Final figure, complete","2017","117367",""
"Italy","2016","Total","Both Sexes","Trieste","City proper","Estimate - de jure","Final figure, complete","2017","204327",""
"Italy","2016","Total","Both Sexes","Venezia","City proper","Estimate - de jure","Final figure, complete","2017","262628.5",""
"Italy","2016","Total","Both Sexes","Verona","City proper","Estimate - de jure","Final figure, complete","2017","258059",""
"Italy","2016","Total","Both Sexes","Vicenza","City proper","Estimate - de jure","Final figure, complete","2017","112575.5",""
"Italy","2016","Total","Male","Ancona","City proper","Estimate - de jure","Final figure, complete","2017","48070",""
"Italy","2016","Total","Male","Bari","City proper","Estimate - de jure","Final figure, complete","2017","156082.5",""
"Italy","2016","Total","Male","Bergamo","City proper","Estimate - de jure","Final figure, complete","2017","56155.5",""
"Italy","2016","Total","Male","Bologna","City proper","Estimate - de jure","Final figure, complete","2017","182506.5",""
"Italy","2016","Total","Male","Bolzano","City proper","Estimate - de jure","Final figure, complete","2017","51111",""
"Italy","2016","Total","Male","Brescia","City proper","Estimate - de jure","Final figure, complete","2017","92688",""
"Italy","2016","Total","Male","Cagliari","City proper","Estimate - de jure","Final figure, complete","2017","71884.5",""
"Italy","2016","Total","Male","Catania","City proper","Estimate - de jure","Final figure, complete","2017","150993",""
"Italy","2016","Total","Male","Ferrara","City proper","Estimate - de jure","Final figure, complete","2017","62169.5",""
"Italy","2016","Total","Male","Firenze","City proper","Estimate - de jure","Final figure, complete","2017","179210",""
"Italy","2016","Total","Male","Foggia","City proper","Estimate - de jure","Final figure, complete","2017","73065.5",""
"Italy","2016","Total","Male","Forli","City proper","Estimate - de jure","Final figure, complete","2017","56633",""
"Italy","2016","Total","Male","Genova","City proper","Estimate - de jure","Final figure, complete","2017","275386",""
"Italy","2016","Total","Male","Giugliano in Campania","City proper","Estimate - de jure","Final figure, complete","2017","61129",""
"Italy","2016","Total","Male","Latina","City proper","Estimate - de jure","Final figure, complete","2017","60964.5",""
"Italy","2016","Total","Male","Livorno","City proper","Estimate - de jure","Final figure, complete","2017","76109",""
"Italy","2016","Total","Male","Messina","City proper","Estimate - de jure","Final figure, complete","2017","113873.5",""
"Italy","2016","Total","Male","Milano","City proper","Estimate - de jure","Final figure, complete","2017","644492",""
"Italy","2016","Total","Male","Modena","City proper","Estimate - de jure","Final figure, complete","2017","88233.5",""
"Italy","2016","Total","Male","Monza","City proper","Estimate - de jure","Final figure, complete","2017","58887.5",""
"Italy","2016","Total","Male","Napoli","City proper","Estimate - de jure","Final figure, complete","2017","464204",""
"Italy","2016","Total","Male","Novara","City proper","Estimate - de jure","Final figure, complete","2017","50174",""
"Italy","2016","Total","Male","Padova","City proper","Estimate - de jure","Final figure, complete","2017","98682",""
"Italy","2016","Total","Male","Palermo","City proper","Estimate - de jure","Final figure, complete","2017","322153",""
"Italy","2016","Total","Male","Parma","City proper","Estimate - de jure","Final figure, complete","2017","92344",""
"Italy","2016","Total","Male","Perugia","City proper","Estimate - de jure","Final figure, complete","2017","79161.5",""
"Italy","2016","Total","Male","Pescara","City proper","Estimate - de jure","Final figure, complete","2017","56487",""
"Italy","2016","Total","Male","Piacenza","City proper","Estimate - de jure","Final figure, complete","2017","48644.5",""
"Italy","2016","Total","Male","Prato","City proper","Estimate - de jure","Final figure, complete","2017","92780.5",""
"Italy","2016","Total","Male","Ravenna","City proper","Estimate - de jure","Final figure, complete","2017","77096",""
"Italy","2016","Total","Male","Reggio di Calabria","City proper","Estimate - de jure","Final figure, complete","2017","87561.5",""
"Italy","2016","Total","Male","Reggio nell'Emilia","City proper","Estimate - de jure","Final figure, complete","2017","83305",""
"Italy","2016","Total","Male","Rimini","City proper","Estimate - de jure","Final figure, complete","2017","70935.5",""
"Italy","2016","Total","Male","ROMA","City proper","Estimate - de jure","Final figure, complete","2017","1359184",""
"Italy","2016","Total","Male","Salerno","City proper","Estimate - de jure","Final figure, complete","2017","63008.5",""
"Italy","2016","Total","Male","Sassari","City proper","Estimate - de jure","Final figure, complete","2017","61248",""
"Italy","2016","Total","Male","Siracusa","City proper","Estimate - de jure","Final figure, complete","2017","59818.5",""
"Italy","2016","Total","Male","Taranto","City proper","Estimate - de jure","Final figure, complete","2017","95496.5",""
"Italy","2016","Total","Male","Terni","City proper","Estimate - de jure","Final figure, complete","2017","52446.5",""
"Italy","2016","Total","Male","Torino","City proper","Estimate - de jure","Final figure, complete","2017","423080.5",""
"Italy","2016","Total","Male","Trento","City proper","Estimate - de jure","Final figure, complete","2017","56260",""
"Italy","2016","Total","Male","Trieste","City proper","Estimate - de jure","Final figure, complete","2017","97247",""
"Italy","2016","Total","Male","Venezia","City proper","Estimate - de jure","Final figure, complete","2017","124210.5",""
"Italy","2016","Total","Male","Verona","City proper","Estimate - de jure","Final figure, complete","2017","122030.5",""
"Italy","2016","Total","Male","Vicenza","City proper","Estimate - de jure","Final figure, complete","2017","53177",""
"Italy","2016","Total","Female","Ancona","City proper","Estimate - de jure","Final figure, complete","2017","52708.5",""
"Italy","2016","Total","Female","Bari","City proper","Estimate - de jure","Final figure, complete","2017","169188.5",""
"Italy","2016","Total","Female","Bergamo","City proper","Estimate - de jure","Final figure, complete","2017","63678.5",""
"Italy","2016","Total","Female","Bologna","City proper","Estimate - de jure","Final figure, complete","2017","205008.5",""
"Italy","2016","Total","Female","Bolzano","City proper","Estimate - de jure","Final figure, complete","2017","55585",""
"Italy","2016","Total","Female","Brescia","City proper","Estimate - de jure","Final figure, complete","2017","103887",""
"Italy","2016","Total","Female","Cagliari","City proper","Estimate - de jure","Final figure, complete","2017","82387",""
"Italy","2016","Total","Female","Catania","City proper","Estimate - de jure","Final figure, complete","2017","162982.5",""
"Italy","2016","Total","Female","Ferrara","City proper","Estimate - de jure","Final figure, complete","2017","70412.5",""
"Italy","2016","Total","Female","Firenze","City proper","Estimate - de jure","Final figure, complete","2017","203323",""
"Italy","2016","Total","Female","Foggia","City proper","Estimate - de jure","Final figure, complete","2017","78793",""
"Italy","2016","Total","Female","Forli","City proper","Estimate - de jure","Final figure, complete","2017","61296.5",""
"Italy","2016","Total","Female","Genova","City proper","Estimate - de jure","Final figure, complete","2017","309742",""
"Italy","2016","Total","Female","Giugliano in Campania","City proper","Estimate - de jure","Final figure, complete","2017","62277.5",""
"Italy","2016","Total","Female","Latina","City proper","Estimate - de jure","Final figure, complete","2017","65103.5",""
"Italy","2016","Total","Female","Livorno","City proper","Estimate - de jure","Final figure, complete","2017","82958.5",""
"Italy","2016","Total","Female","Messina","City proper","Estimate - de jure","Final figure, complete","2017","123827",""
"Italy","2016","Total","Female","Milano","City proper","Estimate - de jure","Final figure, complete","2017","704214.5",""
"Italy","2016","Total","Female","Modena","City proper","Estimate - de jure","Final figure, complete","2017","96616.5",""
"Italy","2016","Total","Female","Monza","City proper","Estimate - de jure","Final figure, complete","2017","63925.5",""
"Italy","2016","Total","Female","Napoli","City proper","Estimate - de jure","Final figure, complete","2017","507925.5",""
"Italy","2016","Total","Female","Novara","City proper","Estimate - de jure","Final figure, complete","2017","54158",""
"Italy","2016","Total","Female","Padova","City proper","Estimate - de jure","Final figure, complete","2017","111433",""
"Italy","2016","Total","Female","Palermo","City proper","Estimate - de jure","Final figure, complete","2017","351932",""
"Italy","2016","Total","Female","Parma","City proper","Estimate - de jure","Final figure, complete","2017","101282.5",""
"Italy","2016","Total","Female","Perugia","City proper","Estimate - de jure","Final figure, complete","2017","87243.5",""
"Italy","2016","Total","Female","Pescara","City proper","Estimate - de jure","Final figure, complete","2017","64230",""
"Italy","2016","Total","Female","Piacenza","City proper","Estimate - de jure","Final figure, complete","2017","53628.5",""
"Italy","2016","Total","Female","Prato","City proper","Estimate - de jure","Final figure, complete","2017","99029",""
"Italy","2016","Total","Female","Ravenna","City proper","Estimate - de jure","Final figure, complete","2017","81990.5",""
"Italy","2016","Total","Female","Reggio di Calabria","City proper","Estimate - de jure","Final figure, complete","2017","95231.5",""
"Italy","2016","Total","Female","Reggio nell'Emilia","City proper","Estimate - de jure","Final figure, complete","2017","88113",""
"Italy","2016","Total","Female","Rimini","City proper","Estimate - de jure","Final figure, complete","2017","77393.5",""
"Italy","2016","Total","Female","ROMA","City proper","Estimate - de jure","Final figure, complete","2017","1509928.5",""
"Italy","2016","Total","Female","Salerno","City proper","Estimate - de jure","Final figure, complete","2017","72047",""
"Italy","2016","Total","Female","Sassari","City proper","Estimate - de jure","Final figure, complete","2017","66281",""
"Italy","2016","Total","Female","Siracusa","City proper","Estimate - de jure","Final figure, complete","2017","62342.5",""
"Italy","2016","Total","Female","Taranto","City proper","Estimate - de jure","Final figure, complete","2017","104834",""
"Italy","2016","Total","Female","Terni","City proper","Estimate - de jure","Final figure, complete","2017","59031.5",""
"Italy","2016","Total","Female","Torino","City proper","Estimate - de jure","Final figure, complete","2017","465602.5",""
"Italy","2016","Total","Female","Trento","City proper","Estimate - de jure","Final figure, complete","2017","61107",""
"Italy","2016","Total","Female","Trieste","City proper","Estimate - de jure","Final figure, complete","2017","107080",""
"Italy","2016","Total","Female","Venezia","City proper","Estimate - de jure","Final figure, complete","2017","138418",""
"Italy","2016","Total","Female","Verona","City proper","Estimate - de jure","Final figure, complete","2017","136028.5",""
"Italy","2016","Total","Female","Vicenza","City proper","Estimate - de jure","Final figure, complete","2017","59398.5",""

"footnoteSeqID","Footnote"
"1","Postcensal estimates."
